charge_type	monthly_rate	final_days	active_days	n	min_chg	max_chg	distinct_chg
Full Cycle Charge	21.0	28.0	28.0	1	21.0	21.0	1
Full Cycle Charge	21.0	30.0	30.0	150	21.0	21.0	1
Full Cycle Charge	21.0	31.0	30.0	148	21.0	21.0	1
Full Cycle Charge	21.0	31.0	28.0	74	21.0	21.0	1
Full Cycle Charge	21.0	31.0	31.0	152	21.0	21.0	1
Full Cycle Charge	21.0	31.0	29.0	1	21.0	21.0	1
Full Cycle Charge	32.0	28.0	28.0	400	32.0	32.0	1
Full Cycle Charge	32.0	30.0	30.0	800	32.0	32.0	1
Full Cycle Charge	32.0	31.0	31.0	1998	32.0	32.0	1
Full Cycle Charge	32.0	31.0	30.0	1	32.0	32.0	1
Full Cycle Charge	43.0	28.0	28.0	2556	43.0	43.0	1
Full Cycle Charge	43.0	29.0	29.0	5	43.0	43.0	1
Full Cycle Charge	43.0	30.0	4.0	1	43.0	43.0	1
Full Cycle Charge	43.0	30.0	30.0	7293	43.0	43.0	1
Full Cycle Charge	43.0	31.0	30.0	93	43.0	43.0	1
Full Cycle Charge	43.0	31.0	29.0	7	43.0	43.0	1
Full Cycle Charge	43.0	31.0	31.0	16646	43.0	43.0	1
Full Cycle Charge	62.0	28.0	25.0	21	62.0	62.0	1
Full Cycle Charge	62.0	28.0	7.0	65	62.0	62.0	1
Full Cycle Charge	62.0	28.0	20.0	29	62.0	62.0	1
Full Cycle Charge	62.0	28.0	28.0	8574	62.0	62.0	1
Full Cycle Charge	62.0	28.0	23.0	42	62.0	62.0	1
Full Cycle Charge	62.0	28.0	2.0	25	62.0	62.0	1
Full Cycle Charge	62.0	29.0	29.0	25	62.0	62.0	1
Full Cycle Charge	62.0	30.0	30.0	18759	62.0	62.0	1
Full Cycle Charge	62.0	31.0	19.0	2	62.0	62.0	1
Full Cycle Charge	62.0	31.0	30.0	61	62.0	62.0	1
Full Cycle Charge	62.0	31.0	31.0	44392	62.0	62.0	1
Partial Charge (Activated AUG)	43	11	11	480	15.2581	15.2581	1
Partial Charge (Activated AUG)	43	18	18	50	24.9677	24.9677	1
Partial Charge (Activated AUG)	62	1	1	129	2.0	2.0	1
Partial Charge (Activated AUG)	62	2	2	21	4.0	4.0	1
Partial Charge (Activated AUG)	62	3	3	553	6.0	6.0	1
Partial Charge (Activated AUG)	62	4	4	436	8.0	8.0	1
Partial Charge (Activated AUG)	62	5	5	1476	10.0	10.0	1
Partial Charge (Activated AUG)	62	6	6	84	12.0	12.0	1
Partial Charge (Activated AUG)	62	7	7	113	14.0	14.0	1
Partial Charge (Activated AUG)	62	8	8	721	16.0	16.0	1
Partial Charge (Activated AUG)	62	9	9	320	18.0	18.0	1
Partial Charge (Activated AUG)	62	10	10	59	20.0	20.0	1
Partial Charge (Activated AUG)	62	11	11	155	22.0	22.0	1
Partial Charge (Activated AUG)	62	12	12	192	24.0	24.0	1
Partial Charge (Activated AUG)	62	13	13	188	26.0	26.0	1
Partial Charge (Activated AUG)	62	14	14	71	28.0	28.0	1
Partial Charge (Activated AUG)	62	15	15	305	30.0	30.0	1
Partial Charge (Activated AUG)	62	16	16	170	32.0	32.0	1
Partial Charge (Activated AUG)	62	17	17	308	34.0	34.0	1
Partial Charge (Activated AUG)	62	18	18	550	36.0	36.0	1
Partial Charge (Activated AUG)	62	19	19	63	38.0	38.0	1
Partial Charge (Activated AUG)	62	20	20	307	40.0	40.0	1
Partial Charge (Activated AUG)	62	21	21	1193	42.0	42.0	1
Partial Charge (Activated AUG)	62	22	22	2196	44.0	44.0	1
Partial Charge (Activated AUG)	62	23	23	103	46.0	46.0	1
Partial Charge (Activated AUG)	62	24	24	657	48.0	48.0	1
Partial Charge (Activated AUG)	62	25	25	324	50.0	50.0	1
Partial Charge (Activated AUG)	62	26	26	97	52.0	52.0	1
Partial Charge (Activated AUG)	62	27	27	64	54.0	54.0	1
Partial Charge (Activated AUG)	62	28	28	45	56.0	56.0	1
Partial Charge (Activated AUG)	62	29	29	54	58.0	58.0	1
Prorated-in Charge (Activated SEPT)	62	1	1	39	2.0667	2.0667	1
Prorated-in Charge (Activated SEPT)	62	3	3	77	6.2	6.2	1
Prorated-in Charge (Activated SEPT)	62	4	3	15	8.2667	8.2667	1
Prorated-in Charge (Activated SEPT)	62	4	4	98	8.2667	8.2667	1
Prorated-in Charge (Activated SEPT)	62	5	4	11	10.3333	10.3333	1
Prorated-in Charge (Activated SEPT)	62	5	5	1	10.3333	10.3333	1
Prorated-in Charge (Activated SEPT)	62	5	3	5	10.3333	10.3333	1
Prorated-in Charge (Activated SEPT)	62	6	3	3	12.4	12.4	1
Prorated-in Charge (Activated SEPT)	62	6	4	5	12.4	12.4	1
Prorated-in Charge (Activated SEPT)	62	7	4	2	14.4667	14.4667	1
Prorated-in Charge (Activated SEPT)	62	7	7	184	14.4667	14.4667	1
Prorated-in Charge (Activated SEPT)	62	8	7	11	16.5333	16.5333	1
Prorated-in Charge (Activated SEPT)	62	8	4	2	16.5333	16.5333	1
Prorated-in Charge (Activated SEPT)	62	8	8	1	16.5333	16.5333	1
Prorated-in Charge (Activated SEPT)	62	9	4	1	18.6	18.6	1
Prorated-in Charge (Activated SEPT)	62	9	9	14	18.6	18.6	1
Prorated-in Charge (Activated SEPT)	62	9	7	9	18.6	18.6	1
Prorated-in Charge (Activated SEPT)	62	10	4	1	20.6667	20.6667	1
Prorated-in Charge (Activated SEPT)	62	10	7	9	20.6667	20.6667	1
Prorated-in Charge (Activated SEPT)	62	11	7	5	22.7333	22.7333	1
Prorated-in Charge (Activated SEPT)	62	11	9	1	22.7333	22.7333	1
Prorated-in Charge (Activated SEPT)	62	12	7	4	24.8	24.8	1
Prorated-in Charge (Activated SEPT)	62	13	7	1	26.8667	26.8667	1
Prorated-in Charge (Activated SEPT)	62	13	4	1	26.8667	26.8667	1
Prorated-in Charge (Activated SEPT)	62	14	7	1	28.9333	28.9333	1
Prorated-in Charge (Activated SEPT)	62	14	14	275	28.9333	28.9333	1
Prorated-in Charge (Activated SEPT)	62	15	7	1	31.0	31.0	1
Prorated-in Charge (Activated SEPT)	62	16	7	1	33.0667	33.0667	1
Prorated-in Charge (Activated SEPT)	62	16	16	53	33.0667	33.0667	1
Prorated-in Charge (Activated SEPT)	62	17	16	4	35.1333	35.1333	1
Prorated-in Charge (Activated SEPT)	62	18	18	74	37.2	37.2	1
Prorated-in Charge (Activated SEPT)	62	18	16	8	37.2	37.2	1
Prorated-in Charge (Activated SEPT)	62	18	4	1	37.2	37.2	1
Prorated-in Charge (Activated SEPT)	62	18	7	3	37.2	37.2	1
Prorated-in Charge (Activated SEPT)	62	19	16	7	39.2667	39.2667	1
Prorated-in Charge (Activated SEPT)	62	19	18	3	39.2667	39.2667	1
Prorated-in Charge (Activated SEPT)	62	19	19	8	39.2667	39.2667	1
Prorated-in Charge (Activated SEPT)	62	19	7	1	39.2667	39.2667	1
Prorated-in Charge (Activated SEPT)	62	20	9	1	41.3333	41.3333	1
Prorated-in Charge (Activated SEPT)	62	20	18	6	41.3333	41.3333	1
Prorated-in Charge (Activated SEPT)	62	20	16	2	41.3333	41.3333	1
Prorated-in Charge (Activated SEPT)	62	21	7	1	43.4	43.4	1
Prorated-in Charge (Activated SEPT)	62	21	16	3	43.4	43.4	1
Prorated-in Charge (Activated SEPT)	62	21	18	3	43.4	43.4	1
Prorated-in Charge (Activated SEPT)	62	22	16	6	45.4667	45.4667	1
Prorated-in Charge (Activated SEPT)	62	22	18	3	45.4667	45.4667	1
Prorated-in Charge (Activated SEPT)	62	23	16	3	47.5333	47.5333	1
Prorated-in Charge (Activated SEPT)	62	23	18	2	47.5333	47.5333	1
Prorated-in Charge (Activated SEPT)	62	24	16	2	49.6	49.6	1
Prorated-in Charge (Activated SEPT)	62	24	18	1	49.6	49.6	1
Prorated-in Charge (Activated SEPT)	62	25	16	2	51.6667	51.6667	1
Prorated-in Charge (Activated SEPT)	62	25	18	1	51.6667	51.6667	1
Prorated-in Charge (Activated SEPT)	62	26	18	2	53.7333	53.7333	1
Prorated-in Charge (Activated SEPT)	62	26	16	1	53.7333	53.7333	1
Prorated-in Charge (Activated SEPT)	62	27	16	1	55.8	55.8	1
Prorated-in Charge (Activated SEPT)	62	28	28	92	57.8667	57.8667	1
Prorated-in Charge (Activated SEPT)	62	28	18	1	57.8667	57.8667	1
Prorated-in Charge (Activated SEPT)	62	29	18	4	59.9333	59.9333	1
Prorated-in Charge (Activated SEPT)	62	29	16	1	59.9333	59.9333	1
Prorated-in Charge (Activated SEPT)	62	30	16	7	62.0	62.0	1
